{
  "accuracy": 0.5275200145560408,
  "precision": 0.5311176278918215,
  "recall": 0.5847009236839745,
  "f1": 0.5566227003030692,
  "auc": 0.5386702405768442,
  "train_samples": 87933,
  "test_samples": 21984,
  "n_features": 55
}